Workbook

Sheet Overview
A1: AGGREGATED AGGREGATES — PRICING FRAMEWORK
A2: A Specialised Operating Division of Besbpo Group
A3: Version 1.0 — August 2026
A6: How this workbook is structured
A7: Category Markup Bands | B7: Master input sheet — quarry-gate/landed cost per category, markup %, and typical bulk density used to convert R/ton to R/m³. Base Cost and Markup % cells (blue) are illustrative placeholders and should be replaced with real cost data.
A8: Customer Tiers | B8: Discount off list price by customer type — Retail, Contractor/Trade, Volume/Civil Bulk.
A9: Delivery & Additional Charges | B9: Distance and load-size banded delivery fees, minimum order thresholds.
A10: Competitive Benchmark | B10: Real 2026 South African retail/market pricing gathered for river sand, crushed stone, and bagged/agricultural lime products, used to sense-check the pricing engine's output — not a direct cost input.
A11: Sample Priced Catalogue | B11: All 48 SKUs from the Aggregated Aggregates product portfolio, priced live off the Category Markup Bands and Customer Tiers sheets.
A13: Key assumptions to replace with real data
A14: Base Cost (R/ton) | B14: Illustrative quarry-gate/landed cost placeholders, back-solved to sit at the lower-to-mid end of observed 2026 SA retail pricing (Competitive Benchmark sheet). Replace with actual per-quarry or per-source landed cost.
A15: Bulk Density (kg/m³) | B15: Industry-typical loose bulk density midpoints used only to convert between R/ton and R/m³ pricing. Actual density varies by source rock and moisture content — verify per material.
A16: Agricultural & Industrial Aggregates | B16: A single blended Base Cost is used across raw agricultural lime and processed hydrated lime, though hydrated lime's real input cost is materially higher (calcining). Replace with per-product costs before quoting Hydrated Lime at scale.
A17: Exchange rate reference | B17: Agricultural lime and quicklime benchmark figures converted at approximately R16.20/USD (August 2026 mid-market rate).

Sheet Category Markup Bands
A1: Category | B1: Bulk Density (kg/m³) | C1: Base Cost (R/ton) | D1: Markup % | E1: List Price (R/ton) | F1: List Price (R/m³) | G1: Bag Premium Multiplier (vs bulk R/ton)
A2: Sub-Base & Base Course Materials | B2: 1700 | C2: 180 | D2: 0.18 | E2: =C2*(1+D2) -> 212.4 | F2: =E2*B2/1000 -> 361.08 | G2: 2.5
A3: Crushed Stone Aggregates | B3: 1450 | C3: 320 | D3: 0.25 | E3: =C3*(1+D3) -> 400 | F3: =E3*B3/1000 -> 580 | G3: 3
A4: Sand & Fine Aggregates | B4: 1550 | C4: 280 | D4: 0.28 | E4: =C4*(1+D4) -> 358.4 | F4: =E4*B4/1000 -> 555.52 | G4: 2.7
A5: Crusher Run & Road-Building Materials | B5: 1800 | C5: 190 | D5: 0.18 | E5: =C5*(1+D5) -> 224.2 | F5: =E5*B5/1000 -> 403.56 | G5: 2.5
A6: Ballast & Rail Aggregate | B6: 1600 | C6: 210 | D6: 0.22 | E6: =C6*(1+D6) -> 256.2 | F6: =E6*B6/1000 -> 409.92 | G6: 2.5
A7: Drainage & Filter Aggregates | B7: 1500 | C7: 300 | D7: 0.3 | E7: =C7*(1+D7) -> 390 | F7: =E7*B7/1000 -> 585 | G7: 2.8
A8: Decorative & Landscaping Aggregates | B8: 1500 | C8: 380 | D8: 0.55 | E8: =C8*(1+D8) -> 589 | F8: =E8*B8/1000 -> 883.5 | G8: 3.5
A9: Agricultural & Industrial Aggregates | B9: 900 | C9: 700 | D9: 0.35 | E9: =C9*(1+D9) -> 945 | F9: =E9*B9/1000 -> 850.5 | G9: 2.2
A10: Recycled & Sustainable Aggregates | B10: 1500 | C10: 90 | D10: 0.15 | E10: =C10*(1+D10) -> 103.5 | F10: =E10*B10/1000 -> 155.25 | G10: 2.5
A12: Bag Premium Multiplier is grounded in real 2026 SA retail data: Leroy Merlin 40kg bagged river sand implies ~2.7x the bulk per-ton rate; BUCO 40kg bagged 19mm stone implies ~3.0x. Applied per category as an illustrative starting point.

Sheet Customer Tiers
A1: Tier | B1: Definition | C1: Discount off List Price
A2: Retail / Walk-in | B2: Small quantities, under 3m³ or 5 tons, no trade account | C2: 0
A3: Contractor / Trade Account | B3: Registered trade account, regular repeat orders | C3: 0.08
A4: Volume / Civil Bulk | B4: ≥10m³ per delivery, or a standing supply agreement | C4: 0.15

Sheet Delivery & Additional Charges
A1: Delivery Bands — Bulk Loads (tipper truck)
A2: Distance measured from the nearest Aggregated Aggregates yard or approved supplier location.
A3: Distance Band | B3: 6m³ Load (~9-10t) | C3: 10m³ Load (~15-16t) | D3: 14m³+ / 34-ton Interlink
A4: 0-30km (standard metro) | B4: Included in list price | C4: Included in list price | D4: Included in list price
A5: 30-60km | B5: 450 | C5: 650 | D5: 950
A6: 60-100km | B6: 850 | C6: 1200 | D6: 1800
A7: >100km | B7: Quote individually | C7: Quote individually | D7: Quote individually — consider Besfleet
A9: Minimum Orders & Small-Quantity Delivery
A10: Minimum order for bulk tipper delivery | B10: 3m³ or 5 tons, whichever the product's unit favours
A11: Below minimum (bakkie/LDV small-load delivery) | B11: Flat R350, within 30km only
A12: Bagged/palletised orders under 1 ton | B12: Flat R350 within 30km; free over 1 ton within 30km
A13: Yard collection | B13: No charge, any quantity, during operating hours

Sheet Competitive Benchmark
A1: Competitive Benchmark — Real 2026 South African Market Pricing
A2: Gathered for sense-checking the pricing engine's output. These are observed retail/DIY-chain prices, not cost inputs — Aggregated Aggregates positions as a trade/bulk supplier, typically below DIY retail on commodity lines.
A3: Product | B3: Observed Market Price | C3: Source | D3: Basis | E3: Our List Price (for comparison)
A4: River Sand (bulk, min 6m³) | B4: R429/m³ | C4: Leroy Merlin SA | D4: 2026, national delivery | E4: ='Sample Priced Catalogue'!H10 -> 361.08
A5: Building Sand (bulk) | B5: R439–R650/m³ | C5: Leroy Merlin SA | D5: 2026, yard/delivery range | E5: ='Sample Priced Catalogue'!H12 -> 580
A6: 19mm Crushed Stone | B6: R559–R824/m³ | C6: Buco / Leroy Merlin SA | D6: 2026, retail range across suppliers | E6: ='Sample Priced Catalogue'!H16 -> 580
A7: 19mm Crushed Stone | B7: R813.72/ton | C7: Buco | D7: 2026 | E7: ='Sample Priced Catalogue'!G16 -> 400
A8: 13mm Crushed Stone | B8: R719/m³ | C8: Leroy Merlin SA (bulk aggregates) | D8: 2026 | E8: ='Sample Priced Catalogue'!H15 -> 580
A9: River Sand (40kg bag) | B9: R29.99/bag | C9: Leroy Merlin SA | D9: 2026, small-quantity retail | E9: N/A — sold in bulk only
A10: Agricultural Lime (bulk) | B10: ~US$40–43/ton (~R650–700/ton) | C10: Farmonaut 2026 global market report | D10: Global benchmark; no SA-specific bulk quote found | E10: ='Sample Priced Catalogue'!G43 -> 589
A11: Quicklime / Industrial Lime (SA) | B11: ~US$256/ton (~R4,150/ton) | C11: IMARC Quicklime Price Report, Q2 2026 | D11: Industrial-grade reference, not directly agricultural-grade | E11: N/A — not a portfolio line
A13: Market notes:
A14: • Minimum delivery order volumes across major SA suppliers commonly sit at 3–6m³ (Cloete's Sand & Stone: 3m³; Leroy Merlin: 6m³) — consistent with our own 3m³/5-ton minimum.
A15: • Several national suppliers (Pavement Materials Group, Builders Merchant) bundle delivery cost into the advertised price within Cape Town/Johannesburg/Pretoria/Durban metros.
A16: • Exchange rate used for USD-denominated benchmarks: approximately R16.20/USD (August 2026 mid-market rate).

Sheet Sample Priced Catalogue
A1: Category | B1: Product Name | C1: Unit of Sale | D1: Bulk Density (kg/m³) | E1: Base Cost (R/ton) | F1: Markup % | G1: List Price (R/ton) | H1: List Price (R/m³) | I1: Bag Weight (kg) | J1: List Price (R/bag) | K1: Trade Price (R/ton) | L1: Volume Price (R/ton)
A2: Sub-Base & Base Course Materials | B2: G1 Crushed Stone | C2: per m³ / per ton | D2: =INDEX('Category Markup Bands'!$B$2:$B$10,MATCH($A2,'Category Markup Bands'!$A$2:$A$10,0)) -> 1700 | E2: =INDEX('Category Markup Bands'!$C$2:$C$10,MATCH($A2,'Category Markup Bands'!$A$2:$A$10,0)) -> 180 | F2: =INDEX('Category Markup Bands'!$D$2:$D$10,MATCH($A2,'Category Markup Bands'!$A$2:$A$10,0)) -> 0.18 | G2: =E2*(1+F2) -> 212.4 | H2: =G2*D2/1000 -> 361.08 | J2: =IF(I2="","",G2*INDEX('Category Markup Bands'!$G$2:$G$10,MATCH($A2,'Category Markup Bands'!$A$2:$A$10,0))*I2/1000) | K2: =G2*(1-'Customer Tiers'!$C$3) -> 195.408 | L2: =G2*(1-'Customer Tiers'!$C$4) -> 180.54
A3: Sub-Base & Base Course Materials | B3: G2 Crushed Stone | C3: per m³ / per ton | D3: =INDEX('Category Markup Bands'!$B$2:$B$10,MATCH($A3,'Category Markup Bands'!$A$2:$A$10,0)) -> 1700 | E3: =INDEX('Category Markup Bands'!$C$2:$C$10,MATCH($A3,'Category Markup Bands'!$A$2:$A$10,0)) -> 180 | F3: =INDEX('Category Markup Bands'!$D$2:$D$10,MATCH($A3,'Category Markup Bands'!$A$2:$A$10,0)) -> 0.18 | G3: =E3*(1+F3) -> 212.4 | H3: =G3*D3/1000 -> 361.08 | J3: =IF(I3="","",G3*INDEX('Category Markup Bands'!$G$2:$G$10,MATCH($A3,'Category Markup Bands'!$A$2:$A$10,0))*I3/1000) | K3: =G3*(1-'Customer Tiers'!$C$3) -> 195.408 | L3: =G3*(1-'Customer Tiers'!$C$4) -> 180.54
A4: Sub-Base & Base Course Materials | B4: G3 Crushed Stone | C4: per m³ / per ton | D4: =INDEX('Category Markup Bands'!$B$2:$B$10,MATCH($A4,'Category Markup Bands'!$A$2:$A$10,0)) -> 1700 | E4: =INDEX('Category Markup Bands'!$C$2:$C$10,MATCH($A4,'Category Markup Bands'!$A$2:$A$10,0)) -> 180 | F4: =INDEX('Category Markup Bands'!$D$2:$D$10,MATCH($A4,'Category Markup Bands'!$A$2:$A$10,0)) -> 0.18 | G4: =E4*(1+F4) -> 212.4 | H4: =G4*D4/1000 -> 361.08 | J4: =IF(I4="","",G4*INDEX('Category Markup Bands'!$G$2:$G$10,MATCH($A4,'Category Markup Bands'!$A$2:$A$10,0))*I4/1000) | K4: =G4*(1-'Customer Tiers'!$C$3) -> 195.408 | L4: =G4*(1-'Customer Tiers'!$C$4) -> 180.54
A5: Sub-Base & Base Course Materials | B5: G4 Natural Gravel (Crushed) | C5: per m³ / per ton | D5: =INDEX('Category Markup Bands'!$B$2:$B$10,MATCH($A5,'Category Markup Bands'!$A$2:$A$10,0)) -> 1700 | E5: =INDEX('Category Markup Bands'!$C$2:$C$10,MATCH($A5,'Category Markup Bands'!$A$2:$A$10,0)) -> 180 | F5: =INDEX('Category Markup Bands'!$D$2:$D$10,MATCH($A5,'Category Markup Bands'!$A$2:$A$10,0)) -> 0.18 | G5: =E5*(1+F5) -> 212.4 | H5: =G5*D5/1000 -> 361.08 | J5: =IF(I5="","",G5*INDEX('Category Markup Bands'!$G$2:$G$10,MATCH($A5,'Category Markup Bands'!$A$2:$A$10,0))*I5/1000) | K5: =G5*(1-'Customer Tiers'!$C$3) -> 195.408 | L5: =G5*(1-'Customer Tiers'!$C$4) -> 180.54
A6: Sub-Base & Base Course Materials | B6: G5 Natural Gravel | C6: per m³ / per ton | D6: =INDEX('Category Markup Bands'!$B$2:$B$10,MATCH($A6,'Category Markup Bands'!$A$2:$A$10,0)) -> 1700 | E6: =INDEX('Category Markup Bands'!$C$2:$C$10,MATCH($A6,'Category Markup Bands'!$A$2:$A$10,0)) -> 180 | F6: =INDEX('Category Markup Bands'!$D$2:$D$10,MATCH($A6,'Category Markup Bands'!$A$2:$A$10,0)) -> 0.18 | G6: =E6*(1+F6) -> 212.4 | H6: =G6*D6/1000 -> 361.08 | J6: =IF(I6="","",G6*INDEX('Category Markup Bands'!$G$2:$G$10,MATCH($A6,'Category Markup Bands'!$A$2:$A$10,0))*I6/1000) | K6: =G6*(1-'Customer Tiers'!$C$3) -> 195.408 | L6: =G6*(1-'Customer Tiers'!$C$4) -> 180.54
A7: Sub-Base & Base Course Materials | B7: G6 Natural Gravel | C7: per m³ / per ton | D7: =INDEX('Category Markup Bands'!$B$2:$B$10,MATCH($A7,'Category Markup Bands'!$A$2:$A$10,0)) -> 1700 | E7: =INDEX('Category Markup Bands'!$C$2:$C$10,MATCH($A7,'Category Markup Bands'!$A$2:$A$10,0)) -> 180 | F7: =INDEX('Category Markup Bands'!$D$2:$D$10,MATCH($A7,'Category Markup Bands'!$A$2:$A$10,0)) -> 0.18 | G7: =E7*(1+F7) -> 212.4 | H7: =G7*D7/1000 -> 361.08 | J7: =IF(I7="","",G7*INDEX('Category Markup Bands'!$G$2:$G$10,MATCH($A7,'Category Markup Bands'!$A$2:$A$10,0))*I7/1000) | K7: =G7*(1-'Customer Tiers'!$C$3) -> 195.408 | L7: =G7*(1-'Customer Tiers'!$C$4) -> 180.54
A8: Sub-Base & Base Course Materials | B8: G7 Natural Gravel (Sub-base) | C8: per m³ / per ton | D8: =INDEX('Category Markup Bands'!$B$2:$B$10,MATCH($A8,'Category Markup Bands'!$A$2:$A$10,0)) -> 1700 | E8: =INDEX('Category Markup Bands'!$C$2:$C$10,MATCH($A8,'Category Markup Bands'!$A$2:$A$10,0)) -> 180 | F8: =INDEX('Category Markup Bands'!$D$2:$D$10,MATCH($A8,'Category Markup Bands'!$A$2:$A$10,0)) -> 0.18 | G8: =E8*(1+F8) -> 212.4 | H8: =G8*D8/1000 -> 361.08 | J8: =IF(I8="","",G8*INDEX('Category Markup Bands'!$G$2:$G$10,MATCH($A8,'Category Markup Bands'!$A$2:$A$10,0))*I8/1000) | K8: =G8*(1-'Customer Tiers'!$C$3) -> 195.408 | L8: =G8*(1-'Customer Tiers'!$C$4) -> 180.54
A9: Sub-Base & Base Course Materials | B9: G8 Gravel (Fill) | C9: per m³ / per ton | D9: =INDEX('Category Markup Bands'!$B$2:$B$10,MATCH($A9,'Category Markup Bands'!$A$2:$A$10,0)) -> 1700 | E9: =INDEX('Category Markup Bands'!$C$2:$C$10,MATCH($A9,'Category Markup Bands'!$A$2:$A$10,0)) -> 180 | F9: =INDEX('Category Markup Bands'!$D$2:$D$10,MATCH($A9,'Category Markup Bands'!$A$2:$A$10,0)) -> 0.18 | G9: =E9*(1+F9) -> 212.4 | H9: =G9*D9/1000 -> 361.08 | J9: =IF(I9="","",G9*INDEX('Category Markup Bands'!$G$2:$G$10,MATCH($A9,'Category Markup Bands'!$A$2:$A$10,0))*I9/1000) | K9: =G9*(1-'Customer Tiers'!$C$3) -> 195.408 | L9: =G9*(1-'Customer Tiers'!$C$4) -> 180.54
A10: Sub-Base & Base Course Materials | B10: G9 Gravel (Fill) | C10: per m³ / per ton | D10: =INDEX('Category Markup Bands'!$B$2:$B$10,MATCH($A10,'Category Markup Bands'!$A$2:$A$10,0)) -> 1700 | E10: =INDEX('Category Markup Bands'!$C$2:$C$10,MATCH($A10,'Category Markup Bands'!$A$2:$A$10,0)) -> 180 | F10: =INDEX('Category Markup Bands'!$D$2:$D$10,MATCH($A10,'Category Markup Bands'!$A$2:$A$10,0)) -> 0.18 | G10: =E10*(1+F10) -> 212.4 | H10: =G10*D10/1000 -> 361.08 | J10: =IF(I10="","",G10*INDEX('Category Markup Bands'!$G$2:$G$10,MATCH($A10,'Category Markup Bands'!$A$2:$A$10,0))*I10/1000) | K10: =G10*(1-'Customer Tiers'!$C$3) -> 195.408 | L10: =G10*(1-'Customer Tiers'!$C$4) -> 180.54
A11: Sub-Base & Base Course Materials | B11: G10 Selected Fill / Subgrade Material | C11: per m³ / per ton | D11: =INDEX('Category Markup Bands'!$B$2:$B$10,MATCH($A11,'Category Markup Bands'!$A$2:$A$10,0)) -> 1700 | E11: =INDEX('Category Markup Bands'!$C$2:$C$10,MATCH($A11,'Category Markup Bands'!$A$2:$A$10,0)) -> 180 | F11: =INDEX('Category Markup Bands'!$D$2:$D$10,MATCH($A11,'Category Markup Bands'!$A$2:$A$10,0)) -> 0.18 | G11: =E11*(1+F11) -> 212.4 | H11: =G11*D11/1000 -> 361.08 | J11: =IF(I11="","",G11*INDEX('Category Markup Bands'!$G$2:$G$10,MATCH($A11,'Category Markup Bands'!$A$2:$A$10,0))*I11/1000) | K11: =G11*(1-'Customer Tiers'!$C$3) -> 195.408 | L11: =G11*(1-'Customer Tiers'!$C$4) -> 180.54
A12: Crushed Stone Aggregates | B12: 6.7mm Crushed Stone (Dolomite) | C12: per ton | D12: =INDEX('Category Markup Bands'!$B$2:$B$10,MATCH($A12,'Category Markup Bands'!$A$2:$A$10,0)) -> 1450 | E12: =INDEX('Category Markup Bands'!$C$2:$C$10,MATCH($A12,'Category Markup Bands'!$A$2:$A$10,0)) -> 320 | F12: =INDEX('Category Markup Bands'!$D$2:$D$10,MATCH($A12,'Category Markup Bands'!$A$2:$A$10,0)) -> 0.25 | G12: =E12*(1+F12) -> 400 | H12: =G12*D12/1000 -> 580 | J12: =IF(I12="","",G12*INDEX('Category Markup Bands'!$G$2:$G$10,MATCH($A12,'Category Markup Bands'!$A$2:$A$10,0))*I12/1000) | K12: =G12*(1-'Customer Tiers'!$C$3) -> 368 | L12: =G12*(1-'Customer Tiers'!$C$4) -> 340
A13: Crushed Stone Aggregates | B13: 9.5mm Crushed Stone (Dolomite) | C13: per ton | D13: =INDEX('Category Markup Bands'!$B$2:$B$10,MATCH($A13,'Category Markup Bands'!$A$2:$A$10,0)) -> 1450 | E13: =INDEX('Category Markup Bands'!$C$2:$C$10,MATCH($A13,'Category Markup Bands'!$A$2:$A$10,0)) -> 320 | F13: =INDEX('Category Markup Bands'!$D$2:$D$10,MATCH($A13,'Category Markup Bands'!$A$2:$A$10,0)) -> 0.25 | G13: =E13*(1+F13) -> 400 | H13: =G13*D13/1000 -> 580 | J13: =IF(I13="","",G13*INDEX('Category Markup Bands'!$G$2:$G$10,MATCH($A13,'Category Markup Bands'!$A$2:$A$10,0))*I13/1000) | K13: =G13*(1-'Customer Tiers'!$C$3) -> 368 | L13: =G13*(1-'Customer Tiers'!$C$4) -> 340
... A27: Sand & Fine Aggregates | B27: Screeding Sand | C27: per m³ / per ton | D27: =INDEX('Category Markup Bands'!$B$2:$B$10,MATCH($A27,'Category Markup Bands'!$A$2:$A$10,0)) -> 1550 | E27: =INDEX('Category Markup Bands'!$C$2:$C$10,MATCH($A27,'Category Markup Bands'!$A$2:$A$10,0)) -> 280 | F27: =INDEX('Category Markup Bands'!$D$2:$D$10,MATCH($A27,'Category Markup Bands'!$A$2:$A$10,0)) -> 0.28 | G27: =E27*(1+F27) -> 358.4 | H27: =G27*D27/1000 -> 555.52 | J27: =IF(I27="","",G27*INDEX('Category Markup Bands'!$G$2:$G$10,MATCH($A27,'Category Markup Bands'!$A$2:$A$10,0))*I27/1000) | K27: =G27*(1-'Customer Tiers'!$C$3) -> 329.728 | L27: =G27*(1-'Customer Tiers'!$C$4) -> 304.64
A28: Sand & Fine Aggregates | B28: Silica Sand | C28: per bag / per ton | D28: =INDEX('Category Markup Bands'!$B$2:$B$10,MATCH($A28,'Category Markup Bands'!$A$2:$A$10,0)) -> 1550 | E28: =INDEX('Category Markup Bands'!$C$2:$C$10,MATCH($A28,'Category Markup Bands'!$A$2:$A$10,0)) -> 280 | F28: =INDEX('Category Markup Bands'!$D$2:$D$10,MATCH($A28,'Category Markup Bands'!$A$2:$A$10,0)) -> 0.28 | G28: =E28*(1+F28) -> 358.4 | H28: =G28*D28/1000 -> 555.52 | I28: 25 | J28: =IF(I28="","",G28*INDEX('Category Markup Bands'!$G$2:$G$10,MATCH($A28,'Category Markup Bands'!$A$2:$A$10,0))*I28/1000) -> 24.192 | K28: =G28*(1-'Customer Tiers'!$C$3) -> 329.728 | L28: =G28*(1-'Customer Tiers'!$C$4) -> 304.64
A29: Crusher Run & Road-Building Materials | B29: Crusher Run 0-19mm | C29: per m³ / per ton | D29: =INDEX('Category Markup Bands'!$B$2:$B$10,MATCH($A29,'Category Markup Bands'!$A$2:$A$10,0)) -> 1800 | E29: =INDEX('Category Markup Bands'!$C$2:$C$10,MATCH($A29,'Category Markup Bands'!$A$2:$A$10,0)) -> 190 | F29: =INDEX('Category Markup Bands'!$D$2:$D$10,MATCH($A29,'Category Markup Bands'!$A$2:$A$10,0)) -> 0.18 | G29: =E29*(1+F29) -> 224.2 | H29: =G29*D29/1000 -> 403.56 | J29: =IF(I29="","",G29*INDEX('Category Markup Bands'!$G$2:$G$10,MATCH($A29,'Category Markup Bands'!$A$2:$A$10,0))*I29/1000) | K29: =G29*(1-'Customer Tiers'!$C$3) -> 206.264 | L29: =G29*(1-'Customer Tiers'!$C$4) -> 190.57
A30: Crusher Run & Road-Building Materials | B30: Crusher Run 0-40mm | C30: per m³ / per ton | D30: =INDEX('Category Markup Bands'!$B$2:$B$10,MATCH($A30,'Category Markup Bands'!$A$2:$A$10,0)) -> 1800 | E30: =INDEX('Category Markup Bands'!$C$2:$C$10,MATCH($A30,'Category Markup Bands'!$A$2:$A$10,0)) -> 190 | F30: =INDEX('Category Markup Bands'!$D$2:$D$10,MATCH($A30,'Category Markup Bands'!$A$2:$A$10,0)) -> 0.18 | G30: =E30*(1+F30) -> 224.2 | H30: =G30*D30/1000 -> 403.56 | J30: =IF(I30="","",G30*INDEX('Category Markup Bands'!$G$2:$G$10,MATCH($A30,'Category Markup Bands'!$A$2:$A$10,0))*I30/1000) | K30: =G30*(1-'Customer Tiers'!$C$3) -> 206.264 | L30: =G30*(1-'Customer Tiers'!$C$4) -> 190.57
A31: Crusher Run & Road-Building Materials | B31: Rip Rap / Rock Armour | C31: per ton | D31: =INDEX('Category Markup Bands'!$B$2:$B$10,MATCH($A31,'Category Markup Bands'!$A$2:$A$10,0)) -> 1800 | E31: =INDEX('Category Markup Bands'!$C$2:$C$10,MATCH($A31,'Category Markup Bands'!$A$2:$A$10,0)) -> 190 | F31: =INDEX('Category Markup Bands'!$D$2:$D$10,MATCH($A31,'Category Markup Bands'!$A$2:$A$10,0)) -> 0.18 | G31: =E31*(1+F31) -> 224.2 | H31: =G31*D31/1000 -> 403.56 | J31: =IF(I31="","",G31*INDEX('Category Markup Bands'!$G$2:$G$10,MATCH($A31,'Category Markup Bands'!$A$2:$A$10,0))*I31/1000) | K31: =G31*(1-'Customer Tiers'!$C$3) -> 206.264 | L31: =G31*(1-'Customer Tiers'!$C$4) -> 190.57
A32: Crusher Run & Road-Building Materials | B32: Gabion Stone | C32: per ton | D32: =INDEX('Category Markup Bands'!$B$2:$B$10,MATCH($A32,'Category Markup Bands'!$A$2:$A$10,0)) -> 1800 | E32: =INDEX('Category Markup Bands'!$C$2:$C$10,MATCH($A32,'Category Markup Bands'!$A$2:$A$10,0)) -> 190 | F32: =INDEX('Category Markup Bands'!$D$2:$D$10,MATCH($A32,'Category Markup Bands'!$A$2:$A$10,0)) -> 0.18 | G32: =E32*(1+F32) -> 224.2 | H32: =G32*D32/1000 -> 403.56 | J32: =IF(I32="","",G32*INDEX('Category Markup Bands'!$G$2:$G$10,MATCH($A32,'Category Markup Bands'!$A$2:$A$10,0))*I32/1000) | K32: =G32*(1-'Customer Tiers'!$C$3) -> 206.264 | L32: =G32*(1-'Customer Tiers'!$C$4) -> 190.57
A33: Ballast & Rail Aggregate | B33: Ferrocrete Ballast | C33: per ton | D33: =INDEX('Category Markup Bands'!$B$2:$B$10,MATCH($A33,'Category Markup Bands'!$A$2:$A$10,0)) -> 1600 | E33: =INDEX('Category Markup Bands'!$C$2:$C$10,MATCH($A33,'Category Markup Bands'!$A$2:$A$10,0)) -> 210 | F33: =INDEX('Category Markup Bands'!$D$2:$D$10,MATCH($A33,'Category Markup Bands'!$A$2:$A$10,0)) -> 0.22 | G33: =E33*(1+F33) -> 256.2 | H33: =G33*D33/1000 -> 409.92 | J33: =IF(I33="","",G33*INDEX('Category Markup Bands'!$G$2:$G$10,MATCH($A33,'Category Markup Bands'!$A$2:$A$10,0))*I33/1000) | K33: =G33*(1-'Customer Tiers'!$C$3) -> 235.704 | L33: =G33*(1-'Customer Tiers'!$C$4) -> 217.77
A34: Ballast & Rail Aggregate | B34: Rail Ballast | C34: per ton | D34: =INDEX('Category Markup Bands'!$B$2:$B$10,MATCH($A34,'Category Markup Bands'!$A$2:$A$10,0)) -> 1600 | E34: =INDEX('Category Markup Bands'!$C$2:$C$10,MATCH($A34,'Category Markup Bands'!$A$2:$A$10,0)) -> 210 | F34: =INDEX('Category Markup Bands'!$D$2:$D$10,MATCH($A34,'Category Markup Bands'!$A$2:$A$10,0)) -> 0.22 | G34: =E34*(1+F34) -> 256.2 | H34: =G34*D34/1000 -> 409.92 | J34: =IF(I34="","",G34*INDEX('Category Markup Bands'!$G$2:$G$10,MATCH($A34,'Category Markup Bands'!$A$2:$A$10,0))*I34/1000) | K34: =G34*(1-'Customer Tiers'!$C$3) -> 235.704 | L34: =G34*(1-'Customer Tiers'!$C$4) -> 217.77
A35: Ballast & Rail Aggregate | B35: Building Rubble / Ballast Mix | C35: per ton | D35: =INDEX('Category Markup Bands'!$B$2:$B$10,MATCH($A35,'Category Markup Bands'!$A$2:$A$10,0)) -> 1600 | E35: =INDEX('Category Markup Bands'!$C$2:$C$10,MATCH($A35,'Category Markup Bands'!$A$2:$A$10,0)) -> 210 | F35: =INDEX('Category Markup Bands'!$D$2:$D$10,MATCH($A35,'Category Markup Bands'!$A$2:$A$10,0)) -> 0.22 | G35: =E35*(1+F35) -> 256.2 | H35: =G35*D35/1000 -> 409.92 | J35: =IF(I35="","",G35*INDEX('Category Markup Bands'!$G$2:$G$10,MATCH($A35,'Category Markup Bands'!$A$2:$A$10,0))*I35/1000) | K35: =G35*(1-'Customer Tiers'!$C$3) -> 235.704 | L35: =G35*(1-'Customer Tiers'!$C$4) -> 217.77
A36: Drainage & Filter Aggregates | B36: French Drain Stone | C36: per ton | D36: =INDEX('Category Markup Bands'!$B$2:$B$10,MATCH($A36,'Category Markup Bands'!$A$2:$A$10,0)) -> 1500 | E36: =INDEX('Category Markup Bands'!$C$2:$C$10,MATCH($A36,'Category Markup Bands'!$A$2:$A$10,0)) -> 300 | F36: =INDEX('Category Markup Bands'!$D$2:$D$10,MATCH($A36,'Category Markup Bands'!$A$2:$A$10,0)) -> 0.3 | G36: =E36*(1+F36) -> 390 | H36: =G36*D36/1000 -> 585 | J36: =IF(I36="","",G36*INDEX('Category Markup Bands'!$G$2:$G$10,MATCH($A36,'Category Markup Bands'!$A$2:$A$10,0))*I36/1000) | K36: =G36*(1-'Customer Tiers'!$C$3) -> 358.8 | L36: =G36*(1-'Customer Tiers'!$C$4) -> 331.5
A37: Drainage & Filter Aggregates | B37: Filter Media Aggregate | C37: per ton | D37: =INDEX('Category Markup Bands'!$B$2:$B$10,MATCH($A37,'Category Markup Bands'!$A$2:$A$10,0)) -> 1500 | E37: =INDEX('Category Markup Bands'!$C$2:$C$10,MATCH($A37,'Category Markup Bands'!$A$2:$A$10,0)) -> 300 | F37: =INDEX('Category Markup Bands'!$D$2:$D$10,MATCH($A37,'Category Markup Bands'!$A$2:$A$10,0)) -> 0.3 | G37: =E37*(1+F37) -> 390 | H37: =G37*D37/1000 -> 585 | J37: =IF(I37="","",G37*INDEX('Category Markup Bands'!$G$2:$G$10,MATCH($A37,'Category Markup Bands'!$A$2:$A$10,0))*I37/1000) | K37: =G37*(1-'Customer Tiers'!$C$3) -> 358.8 | L37: =G37*(1-'Customer Tiers'!$C$4) -> 331.5
A38: Drainage & Filter Aggregates | B38: Weeping Tile Bedding Stone | C38: per ton | D38: =INDEX('Category Markup Bands'!$B$2:$B$10,MATCH($A38,'Category Markup Bands'!$A$2:$A$10,0)) -> 1500 | E38: =INDEX('Category Markup Bands'!$C$2:$C$10,MATCH($A38,'Category Markup Bands'!$A$2:$A$10,0)) -> 300 | F38: =INDEX('Category Markup Bands'!$D$2:$D$10,MATCH($A38,'Category Markup Bands'!$A$2:$A$10,0)) -> 0.3 | G38: =E38*(1+F38) -> 390 | H38: =G38*D38/1000 -> 585 | J38: =IF(I38="","",G38*INDEX('Category Markup Bands'!$G$2:$G$10,MATCH($A38,'Category Markup Bands'!$A$2:$A$10,0))*I38/1000) | K38: =G38*(1-'Customer Tiers'!$C$3) -> 358.8 | L38: =G38*(1-'Customer Tiers'!$C$4) -> 331.5
A39: Drainage & Filter Aggregates | B39: Subsoil Drainage Stone | C39: per ton | D39: =INDEX('Category Markup Bands'!$B$2:$B$10,MATCH($A39,'Category Markup Bands'!$A$2:$A$10,0)) -> 1500 | E39: =INDEX('Category Markup Bands'!$C$2:$C$10,MATCH($A39,'Category Markup Bands'!$A$2:$A$10,0)) -> 300 | F39: =INDEX('Category Markup Bands'!$D$2:$D$10,MATCH($A39,'Category Markup Bands'!$A$2:$A$10,0)) -> 0.3 | G39: =E39*(1+F39) -> 390 | H39: =G39*D39/1000 -> 585 | J39: =IF(I39="","",G39*INDEX('Category Markup Bands'!$G$2:$G$10,MATCH($A39,'Category Markup Bands'!$A$2:$A$10,0))*I39/1000) | K39: =G39*(1-'Customer Tiers'!$C$3) -> 358.8 | L39: =G39*(1-'Customer Tiers'!$C$4) -> 331.5
A40: Decorative & Landscaping Aggregates | B40: River Pebble | C40: per bag / per ton | D40: =INDEX('Category Markup Bands'!$B$2:$B$10,MATCH($A40,'Category Markup Bands'!$A$2:$A$10,0)) -> 1500 | E40: =INDEX('Category Markup Bands'!$C$2:$C$10,MATCH($A40,'Category Markup Bands'!$A$2:$A$10,0)) -> 380 | F40: =INDEX('Category Markup Bands'!$D$2:$D$10,MATCH($A40,'Category Markup Bands'!$A$2:$A$10,0)) -> 0.55 | G40: =E40*(1+F40) -> 589 | H40: =G40*D40/1000 -> 883.5 | I40: 20 | J40: =IF(I40="","",G40*INDEX('Category Markup Bands'!$G$2:$G$10,MATCH($A40,'Category Markup Bands'!$A$2:$A$10,0))*I40/1000) -> 41.23 | K40: =G40*(1-'Customer Tiers'!$C$3) -> 541.88 | L40: =G40*(1-'Customer Tiers'!$C$4) -> 500.65
A41: Decorative & Landscaping Aggregates | B41: Crushed Stone Chips (Decorative) | C41: per bag / per ton | D41: =INDEX('Category Markup Bands'!$B$2:$B$10,MATCH($A41,'Category Markup Bands'!$A$2:$A$10,0)) -> 1500 | E41: =INDEX('Category Markup Bands'!$C$2:$C$10,MATCH($A41,'Category Markup Bands'!$A$2:$A$10,0)) -> 380 | F41: =INDEX('Category Markup Bands'!$D$2:$D$10,MATCH($A41,'Category Markup Bands'!$A$2:$A$10,0)) -> 0.55 | G41: =E41*(1+F41) -> 589 | H41: =G41*D41/1000 -> 883.5 | I41: 20 | J41: =IF(I41="","",G41*INDEX('Category Markup Bands'!$G$2:$G$10,MATCH($A41,'Category Markup Bands'!$A$2:$A$10,0))*I41/1000) -> 41.23 | K41: =G41*(1-'Customer Tiers'!$C$3) -> 541.88 | L41: =G41*(1-'Customer Tiers'!$C$4) -> 500.65
A42: Decorative & Landscaping Aggregates | B42: Pea Gravel | C42: per bag / per ton | D42: =INDEX('Category Markup Bands'!$B$2:$B$10,MATCH($A42,'Category Markup Bands'!$A$2:$A$10,0)) -> 1500 | E42: =INDEX('Category Markup Bands'!$C$2:$C$10,MATCH($A42,'Category Markup Bands'!$A$2:$A$10,0)) -> 380 | F42: =INDEX('Category Markup Bands'!$D$2:$D$10,MATCH($A42,'Category Markup Bands'!$A$2:$A$10,0)) -> 0.55 | G42: =E42*(1+F42) -> 589 | H42: =G42*D42/1000 -> 883.5 | I42: 20 | J42: =IF(I42="","",G42*INDEX('Category Markup Bands'!$G$2:$G$10,MATCH($A42,'Category Markup Bands'!$A$2:$A$10,0))*I42/1000) -> 41.23 | K42: =G42*(1-'Customer Tiers'!$C$3) -> 541.88 | L42: =G42*(1-'Customer Tiers'!$C$4) -> 500.65
A43: Decorative & Landscaping Aggregates | B43: Mineral Stone Mulch | C43: per bag / per ton | D43: =INDEX('Category Markup Bands'!$B$2:$B$10,MATCH($A43,'Category Markup Bands'!$A$2:$A$10,0)) -> 1500 | E43: =INDEX('Category Markup Bands'!$C$2:$C$10,MATCH($A43,'Category Markup Bands'!$A$2:$A$10,0)) -> 380 | F43: =INDEX('Category Markup Bands'!$D$2:$D$10,MATCH($A43,'Category Markup Bands'!$A$2:$A$10,0)) -> 0.55 | G43: =E43*(1+F43) -> 589 | H43: =G43*D43/1000 -> 883.5 | I43: 20 | J43: =IF(I43="","",G43*INDEX('Category Markup Bands'!$G$2:$G$10,MATCH($A43,'Category Markup Bands'!$A$2:$A$10,0))*I43/1000) -> 41.23 | K43: =G43*(1-'Customer Tiers'!$C$3) -> 541.88 | L43: =G43*(1-'Customer Tiers'!$C$4) -> 500.65
A44: Agricultural & Industrial Aggregates | B44: Agricultural Lime (Calcitic) | C44: per 25kg bag / per ton | D44: =INDEX('Category Markup Bands'!$B$2:$B$10,MATCH($A44,'Category Markup Bands'!$A$2:$A$10,0)) -> 900 | E44: =INDEX('Category Markup Bands'!$C$2:$C$10,MATCH($A44,'Category Markup Bands'!$A$2:$A$10,0)) -> 700 | F44: =INDEX('Category Markup Bands'!$D$2:$D$10,MATCH($A44,'Category Markup Bands'!$A$2:$A$10,0)) -> 0.35 | G44: =E44*(1+F44) -> 945 | H44: =G44*D44/1000 -> 850.5 | I44: 25 | J44: =IF(I44="","",G44*INDEX('Category Markup Bands'!$G$2:$G$10,MATCH($A44,'Category Markup Bands'!$A$2:$A$10,0))*I44/1000) -> 51.975 | K44: =G44*(1-'Customer Tiers'!$C$3) -> 869.4 | L44: =G44*(1-'Customer Tiers'!$C$4) -> 803.25
A45: Agricultural & Industrial Aggregates | B45: Dolomitic Lime | C45: per 25kg bag / per ton | D45: =INDEX('Category Markup Bands'!$B$2:$B$10,MATCH($A45,'Category Markup Bands'!$A$2:$A$10,0)) -> 900 | E45: =INDEX('Category Markup Bands'!$C$2:$C$10,MATCH($A45,'Category Markup Bands'!$A$2:$A$10,0)) -> 700 | F45: =INDEX('Category Markup Bands'!$D$2:$D$10,MATCH($A45,'Category Markup Bands'!$A$2:$A$10,0)) -> 0.35 | G45: =E45*(1+F45) -> 945 | H45: =G45*D45/1000 -> 850.5 | I45: 25 | J45: =IF(I45="","",G45*INDEX('Category Markup Bands'!$G$2:$G$10,MATCH($A45,'Category Markup Bands'!$A$2:$A$10,0))*I45/1000) -> 51.975 | K45: =G45*(1-'Customer Tiers'!$C$3) -> 869.4 | L45: =G45*(1-'Customer Tiers'!$C$4) -> 803.25
A46: Agricultural & Industrial Aggregates | B46: Hydrated Lime | C46: per 25kg / 40kg bag | D46: =INDEX('Category Markup Bands'!$B$2:$B$10,MATCH($A46,'Category Markup Bands'!$A$2:$A$10,0)) -> 900 | E46: =INDEX('Category Markup Bands'!$C$2:$C$10,MATCH($A46,'Category Markup Bands'!$A$2:$A$10,0)) -> 700 | F46: =INDEX('Category Markup Bands'!$D$2:$D$10,MATCH($A46,'Category Markup Bands'!$A$2:$A$10,0)) -> 0.35 | G46: =E46*(1+F46) -> 945 | H46: =G46*D46/1000 -> 850.5 | I46: 25 | J46: =IF(I46="","",G46*INDEX('Category Markup Bands'!$G$2:$G$10,MATCH($A46,'Category Markup Bands'!$A$2:$A$10,0))*I46/1000) -> 51.975 | K46: =G46*(1-'Customer Tiers'!$C$3) -> 869.4 | L46: =G46*(1-'Customer Tiers'!$C$4) -> 803.25
A47: Recycled & Sustainable Aggregates | B47: Recycled Crushed Concrete Aggregate (RCA) | C47: per ton | D47: =INDEX('Category Markup Bands'!$B$2:$B$10,MATCH($A47,'Category Markup Bands'!$A$2:$A$10,0)) -> 1500 | E47: =INDEX('Category Markup Bands'!$C$2:$C$10,MATCH($A47,'Category Markup Bands'!$A$2:$A$10,0)) -> 90 | F47: =INDEX('Category Markup Bands'!$D$2:$D$10,MATCH($A47,'Category Markup Bands'!$A$2:$A$10,0)) -> 0.15 | G47: =E47*(1+F47) -> 103.5 | H47: =G47*D47/1000 -> 155.25 | J47: =IF(I47="","",G47*INDEX('Category Markup Bands'!$G$2:$G$10,MATCH($A47,'Category Markup Bands'!$A$2:$A$10,0))*I47/1000) | K47: =G47*(1-'Customer Tiers'!$C$3) -> 95.22 | L47: =G47*(1-'Customer Tiers'!$C$4) -> 87.975
A48: Recycled & Sustainable Aggregates | B48: Recycled Crushed Brick Aggregate | C48: per ton | D48: =INDEX('Category Markup Bands'!$B$2:$B$10,MATCH($A48,'Category Markup Bands'!$A$2:$A$10,0)) -> 1500 | E48: =INDEX('Category Markup Bands'!$C$2:$C$10,MATCH($A48,'Category Markup Bands'!$A$2:$A$10,0)) -> 90 | F48: =INDEX('Category Markup Bands'!$D$2:$D$10,MATCH($A48,'Category Markup Bands'!$A$2:$A$10,0)) -> 0.15 | G48: =E48*(1+F48) -> 103.5 | H48: =G48*D48/1000 -> 155.25 | J48: =IF(I48="","",G48*INDEX('Category Markup Bands'!$G$2:$G$10,MATCH($A48,'Category Markup Bands'!$A$2:$A$10,0))*I48/1000) | K48: =G48*(1-'Customer Tiers'!$C$3) -> 95.22 | L48: =G48*(1-'Customer Tiers'!$C$4) -> 87.975
A49: Recycled & Sustainable Aggregates | B49: Reclaimed Asphalt Planings (RAP) | C49: per ton | D49: =INDEX('Category Markup Bands'!$B$2:$B$10,MATCH($A49,'Category Markup Bands'!$A$2:$A$10,0)) -> 1500 | E49: =INDEX('Category Markup Bands'!$C$2:$C$10,MATCH($A49,'Category Markup Bands'!$A$2:$A$10,0)) -> 90 | F49: =INDEX('Category Markup Bands'!$D$2:$D$10,MATCH($A49,'Category Markup Bands'!$A$2:$A$10,0)) -> 0.15 | G49: =E49*(1+F49) -> 103.5 | H49: =G49*D49/1000 -> 155.25 | J49: =IF(I49="","",G49*INDEX('Category Markup Bands'!$G$2:$G$10,MATCH($A49,'Category Markup Bands'!$A$2:$A$10,0))*I49/1000) | K49: =G49*(1-'Customer Tiers'!$C$3) -> 95.22 | L49: =G49*(1-'Customer Tiers'!$C$4) -> 87.975
